Email,UPN,External User ID,CV Partner User ID,Clearance,Valid From,Valid To,Verified By,Notes
danielle.johnson@mail.test,daniellejohnson,ext_768792e0,768792e0,None,,,PMO,Imported from legacy sheet
joshua.walker@mail.test,joshuawalker,ext_054cf3b1,054cf3b1,SC,2024-09-30,,PMO,Imported from legacy sheet
jill.rhodes@example.org,jillrhodes,ext_239f9f50,239f9f50,None,,,PMO,Imported from legacy sheet
patricia.miller@mail.test,patriciamiller,ext_f881a3bd,f881a3bd,None,,,PMO,Imported from legacy sheet
robert.johnson@mail.test,robertjohnson,ext_db0dc6a6,db0dc6a6,SC,2025-09-19,,HR,Imported from legacy sheet
jeffery.wagner@example.org,jefferywagner,ext_024251aa,024251aa,SC,2024-06-22,,PMO,Imported from legacy sheet
anthony.gonzalez@example.org,anthonygonzalez,ext_545f01d6,545f01d6,SC,2024-01-25,,HR,Imported from legacy sheet
debra.gardner@mail.test,debragardner,ext_4ff6afec,4ff6afec,None,,,PMO,Imported from legacy sheet
jeffrey.lawrence@example.org,jeffreylawrence,ext_e1de4a05,e1de4a05,SC,2023-12-06,,PMO,Imported from legacy sheet
lisa.smith@example.org,lisasmith,ext_9bfe45cd,9bfe45cd,None,,,Security,Imported from legacy sheet
linda.wolfe@example.com,lindawolfe,ext_c8b7436b,c8b7436b,None,,,Security,Imported from legacy sheet
matthew.moore@example.org,matthewmoore,ext_018fb683,018fb683,None,,,Security,Imported from legacy sheet
susan.rogers@example.org,susanrogers,ext_2a2c1ef7,2a2c1ef7,None,,,HR,Imported from legacy sheet
christopher.davis@example.com,christopherdavis,ext_7540b8df,7540b8df,None,,,HR,Imported from legacy sheet
melanie.munoz@example.org,melaniemunoz,ext_c3d8ab92,c3d8ab92,None,,,PMO,Imported from legacy sheet
lindsay.blair@example.com,lindsayblair,ext_1587bf20,1587bf20,None,,,Security,Imported from legacy sheet
amanda.dudley@mail.test,amandadudley,ext_c6867edd,c6867edd,None,,,Security,Imported from legacy sheet
nicholas.arnold@mail.test,nicholasarnold,ext_6ee34eb2,6ee34eb2,NPPV2,2025-04-19,,HR,Imported from legacy sheet
maria.montgomery@example.org,mariamontgomery,ext_80934911,80934911,SC,2024-02-28,,PMO,Imported from legacy sheet
michelle.ray@example.org,michelleray,ext_b902153f,b902153f,SC,2024-12-11,,HR,Imported from legacy sheet
janet.williams@example.com,janetwilliams,ext_0fa87483,0fa87483,SC,2024-03-15,,HR,Imported from legacy sheet
jeremy.roberts@mail.test,jeremyroberts,ext_cbf996ce,cbf996ce,None,,,PMO,Imported from legacy sheet
christopher.hall@example.com,christopherhall,ext_aa4a92e3,aa4a92e3,NPPV2,2024-04-23,,PMO,Imported from legacy sheet
craig.ramirez@mail.test,craigramirez,ext_542f72ed,542f72ed,None,,,Security,Imported from legacy sheet
cynthia.diaz@mail.test,cynthiadiaz,ext_6597a97f,6597a97f,None,,,HR,
mitchell.clark@example.org,mitchellclark,ext_fcc9a653,fcc9a653,None,,,Security,Imported from legacy sheet
joseph.zuniga@example.com,josephzuniga,ext_7e9ccceb,7e9ccceb,SC,2025-06-30,,PMO,Imported from legacy sheet
deborah.lynch@mail.test,deborahlynch,ext_ee0a0445,ee0a0445,None,,,HR,Imported from legacy sheet
george.daniel@example.org,georgedaniel,ext_5daff298,5daff298,NPPV2,2025-06-15,,HR,Imported from legacy sheet
frank.gray@example.com,frankgray,ext_c1b425ec,c1b425ec,None,,,Security,Imported from legacy sheet
veronica.bowman@example.org,veronicabowman,ext_0e7ef243,0e7ef243,None,,,Security,Imported from legacy sheet
angela.cohen@example.org,angelacohen,ext_2f05b093,2f05b093,SC,2023-08-02,,HR,Imported from legacy sheet
megan.parsons@mail.test,meganparsons,ext_afc823c9,afc823c9,NPPV2,2025-10-30,,HR,Imported from legacy sheet
jeremy.johnson@example.com,jeremyjohnson,ext_98140f8b,98140f8b,None,,,Security,Imported from legacy sheet
leslie.adams@mail.test,leslieadams,ext_6a0a42c7,6a0a42c7,None,,,PMO,Imported from legacy sheet
jason.hahn@mail.test,jasonhahn,ext_a08226e9,a08226e9,None,,,HR,Imported from legacy sheet
nancy.edwards@mail.test,nancyedwards,ext_e3d84519,e3d84519,None,,,PMO,Imported from legacy sheet
diana.foster@example.org,dianafoster,ext_75b430c5,75b430c5,None,,,HR,Imported from legacy sheet
robin.ellis@example.org,robinellis,ext_2b935dac,2b935dac,None,,,PMO,Imported from legacy sheet
joseph.wright@example.org,josephwright,ext_fa8f28ed,fa8f28ed,None,,,HR,Imported from legacy sheet
anna.baker@mail.test,annabaker,ext_09e52329,09e52329,None,,,HR,Imported from legacy sheet
brenda.hurst@example.com,brendahurst,ext_e4415518,e4415518,None,,,HR,Imported from legacy sheet
reginald.robinson@mail.test,reginaldrobinson,ext_29a45840,29a45840,NPPV2,2023-11-03,,PMO,Imported from legacy sheet
whitney.hicks@mail.test,whitneyhicks,ext_1d2be751,1d2be751,SC,2024-01-16,,PMO,Imported from legacy sheet
christopher.williams@mail.test,christopherwilliams,ext_0d490173,0d490173,None,,,Security,Imported from legacy sheet
daniel.burton@example.com,danielburton,ext_5ac8e5a9,5ac8e5a9,None,,,Security,Imported from legacy sheet
laura.henderson@example.com,laurahenderson,ext_15d19bbd,15d19bbd,None,,,Security,
bryan.james@mail.test,bryanjames,ext_08bf9381,08bf9381,SC,2023-07-26,,HR,Imported from legacy sheet
wendy.rice@mail.test,wendyrice,ext_06bbb81d,06bbb81d,None,,,HR,Imported from legacy sheet
tasha.valencia@example.org,tashavalencia,ext_8d470adf,8d470adf,None,,,HR,Imported from legacy sheet
alexander.le@mail.test,alexanderle,ext_070d4863,070d4863,None,,,HR,Imported from legacy sheet
erin.herrera@mail.test,erinherrera,ext_27a1bf45,27a1bf45,SC,2025-08-28,,PMO,Imported from legacy sheet
joseph.davidson@example.org,josephdavidson,ext_72f144b4,72f144b4,None,,,Security,Imported from legacy sheet
daniel.graham@example.com,danielgraham,ext_1662eb15,1662eb15,SC,2025-05-09,,PMO,Imported from legacy sheet
shawn.mckay@example.org,shawnmckay,ext_628cdd23,628cdd23,None,,,Security,
nancy.baker@example.org,nancybaker,ext_b3daf619,b3daf619,None,,,HR,Imported from legacy sheet
vincent.white@mail.test,vincentwhite,ext_d174ac33,d174ac33,None,,,Security,Imported from legacy sheet
rita.harrell@mail.test,ritaharrell,ext_063dd152,063dd152,SC,2024-01-27,,PMO,Imported from legacy sheet
kenneth.fowler@example.com,kennethfowler,ext_bdce69fd,bdce69fd,None,,,PMO,Imported from legacy sheet
chelsea.hernandez@example.org,chelseahernandez,ext_db0d7327,db0d7327,SC,2023-04-28,,Security,Imported from legacy sheet
kathryn.ryan@mail.test,kathrynryan,ext_2067d5ef,2067d5ef,None,,,PMO,Imported from legacy sheet
kimberly.moreno@mail.test,kimberlymoreno,ext_1c32f0ef,1c32f0ef,None,,,Security,Imported from legacy sheet
aaron.nguyen@mail.test,aaronnguyen,ext_0c7b641c,0c7b641c,None,,,HR,Imported from legacy sheet
andrew.hickman@example.org,andrewhickman,ext_13d4ab1c,13d4ab1c,SC,2026-01-17,,Security,Imported from legacy sheet
natasha.decker@example.com,natashadecker,ext_a71ca7eb,a71ca7eb,None,,,PMO,Imported from legacy sheet
kyle.brown@mail.test,kylebrown,ext_c65ca8dc,c65ca8dc,SC,2024-08-15,,HR,Imported from legacy sheet
natalie.arroyo@example.org,nataliearroyo,ext_61679da6,61679da6,None,,,PMO,Imported from legacy sheet
christopher.tucker@example.org,christophertucker,ext_f55f7a7f,f55f7a7f,None,,,PMO,Imported from legacy sheet
chad.hodges@example.org,chadhodges,ext_7a50d9f1,7a50d9f1,None,,,PMO,Imported from legacy sheet
katie.anderson@example.com,katieanderson,ext_8a6fdbc4,8a6fdbc4,None,,,Security,Imported from legacy sheet
thomas.pierce@mail.test,thomaspierce,ext_548eccf9,548eccf9,SC,2025-09-07,,PMO,Imported from legacy sheet
joseph.brennan@example.org,josephbrennan,ext_0df44d13,0df44d13,None,,,Security,Imported from legacy sheet
rodney.lewis@example.org,rodneylewis,ext_2ea1ebcd,2ea1ebcd,NPPV2,2023-07-22,,Security,Imported from legacy sheet
amber.blair@mail.test,amberblair,ext_6ef02489,6ef02489,None,,,Security,Imported from legacy sheet
james.collins@example.com,jamescollins,ext_5d30a5fa,5d30a5fa,None,,,PMO,Imported from legacy sheet
wanda.santos@mail.test,wandasantos,ext_04a2646e,04a2646e,None,,,PMO,Imported from legacy sheet
samuel.holmes@example.org,samuelholmes,ext_d92bf611,d92bf611,None,,,PMO,Imported from legacy sheet
david.walker@example.org,davidwalker,ext_0ac3ec36,0ac3ec36,None,,,HR,Imported from legacy sheet
matthew.chapman@example.org,matthewchapman,ext_6445ff31,6445ff31,None,,,PMO,Imported from legacy sheet
jerry.robinson@example.org,jerryrobinson,ext_aab49e6f,aab49e6f,None,,,PMO,Imported from legacy sheet
chad.welch@example.com,chadwelch,ext_78a65f8c,78a65f8c,NPPV2,2024-02-25,,PMO,Imported from legacy sheet
jeremy.whitehead@example.org,jeremywhitehead,ext_a8642c79,a8642c79,None,,,HR,Imported from legacy sheet
michele.jones@example.org,michelejones,ext_c4cab599,c4cab599,NPPV2,2025-02-09,,HR,Imported from legacy sheet
john.caldwell@example.org,johncaldwell,ext_e6905c65,e6905c65,None,,,PMO,Imported from legacy sheet
jason.anderson@example.com,jasonanderson,ext_f7500785,f7500785,SC,2025-12-06,,Security,Imported from legacy sheet
selena.duncan@example.org,selenaduncan,ext_b207a278,b207a278,None,,,PMO,Imported from legacy sheet
thomas.mueller@example.org,thomasmueller,ext_589daaff,589daaff,SC,2024-09-14,,PMO,Imported from legacy sheet
lindsey.lee@example.com,lindseylee,ext_f4531fb8,f4531fb8,SC,2025-04-12,,Security,Imported from legacy sheet
collin.jordan@example.com,collinjordan,ext_b7364c75,b7364c75,SC,2023-05-24,,PMO,Imported from legacy sheet
rodney.owens@example.org,rodneyowens,ext_11a1963c,11a1963c,None,,,HR,Imported from legacy sheet
jessica.nunez@example.org,jessicanunez,ext_166f729c,166f729c,None,,,PMO,Imported from legacy sheet
tracey.garcia@mail.test,traceygarcia,ext_317ecb80,317ecb80,None,,,Security,Imported from legacy sheet
richard.morgan@example.org,richardmorgan,ext_4d002250,4d002250,None,,,PMO,Imported from legacy sheet
michelle.wright@mail.test,michellewright,ext_c3e583ae,c3e583ae,None,,,PMO,Imported from legacy sheet
james.west@example.org,jameswest,ext_20a9b107,20a9b107,None,,,Security,Imported from legacy sheet
robert.ramirez@example.org,robertramirez,ext_bbfead35,bbfead35,NPPV2,2025-09-03,,HR,Imported from legacy sheet
john.leblanc@mail.test,johnleblanc,ext_1653bebf,1653bebf,None,,,PMO,Imported from legacy sheet
scott.callahan@example.org,scottcallahan,ext_facaef0d,facaef0d,None,,,PMO,Imported from legacy sheet
andrea.williams@mail.test,andreawilliams,ext_b3bb4af8,b3bb4af8,None,,,PMO,Imported from legacy sheet
yvette.huff@mail.test,yvettehuff,ext_7f78a4fd,7f78a4fd,NPPV2,2025-09-12,,Security,
tanya.house@mail.test,tanyahouse,ext_9d86af13,9d86af13,None,,,Security,Imported from legacy sheet
melinda.martin@example.com,melindamartin,ext_29289499,29289499,None,,,HR,Imported from legacy sheet
todd.lewis@example.org,toddlewis,ext_34ff7576,34ff7576,None,,,HR,Imported from legacy sheet
richard.brown@example.org,richardbrown,ext_bcd6dc52,bcd6dc52,NPPV2,2023-05-12,,HR,Imported from legacy sheet
nicholas.galloway@example.com,nicholasgalloway,ext_dc704b99,dc704b99,None,,,Security,Imported from legacy sheet
joseph.bowers@example.com,josephbowers,ext_36394f95,36394f95,None,,,Security,
spencer.henderson@example.org,spencerhenderson,ext_cc9823f8,cc9823f8,None,,,Security,Imported from legacy sheet
susan.cowan@mail.test,susancowan,ext_9adae2f5,9adae2f5,None,,,Security,Imported from legacy sheet
angela.higgins@example.com,angelahiggins,ext_d9fab200,d9fab200,None,,,HR,
eric.phillips@example.com,ericphillips,ext_d6365856,d6365856,SC,2025-09-26,,Security,
tanya.riley@example.com,tanyariley,ext_a20bf273,a20bf273,SC,2025-06-13,,HR,Imported from legacy sheet
amy.adkins@mail.test,amyadkins,ext_7b9446f6,7b9446f6,NPPV2,2024-08-17,,HR,Imported from legacy sheet
brian.silva@mail.test,briansilva,ext_d4562206,d4562206,None,,,PMO,Imported from legacy sheet
wesley.farrell@mail.test,wesleyfarrell,ext_b4447e23,b4447e23,SC,2023-09-06,,HR,Imported from legacy sheet
eric.yu@example.com,ericyu,ext_94171369,94171369,SC,2023-12-09,,PMO,Imported from legacy sheet
christopher.lopez@mail.test,christopherlopez,ext_3efe4f77,3efe4f77,None,,,HR,Imported from legacy sheet
brooke.leonard@example.com,brookeleonard,ext_ff14b358,ff14b358,NPPV2,2024-10-17,,PMO,Imported from legacy sheet
joe.wilson@mail.test,joewilson,ext_6963f486,6963f486,None,,,Security,Imported from legacy sheet
pamela.sanchez@mail.test,pamelasanchez,ext_fdc1b314,fdc1b314,NPPV2,2025-05-05,,HR,Imported from legacy sheet
brooke.harvey@example.com,brookeharvey,ext_7a2b38f4,7a2b38f4,None,,,PMO,Imported from legacy sheet
robert.silva@mail.test,robertsilva,ext_277f36a8,277f36a8,None,,,Security,Imported from legacy sheet
alexandra.donovan@example.org,alexandradonovan,ext_a896d57c,a896d57c,SC,2024-04-07,,HR,Imported from legacy sheet
james.moran@example.org,jamesmoran,ext_33036e24,33036e24,SC,2024-08-31,,PMO,Imported from legacy sheet
john.foster@mail.test,johnfoster,ext_aea6210a,aea6210a,SC,2023-06-04,,Security,Imported from legacy sheet
emily.evans@mail.test,emilyevans,ext_b1351b18,b1351b18,None,,,PMO,Imported from legacy sheet
leslie.walton@example.org,lesliewalton,ext_c7c19af4,c7c19af4,None,,,PMO,Imported from legacy sheet
charles.ellis@example.com,charlesellis,ext_afa87769,afa87769,NPPV2,2024-08-25,,HR,Imported from legacy sheet
yolanda.ferrell@example.com,yolandaferrell,ext_6300b7d3,6300b7d3,None,,,PMO,Imported from legacy sheet
charles.lewis@example.com,charleslewis,ext_cec18edd,cec18edd,None,,,Security,Imported from legacy sheet
joseph.mahoney@example.com,josephmahoney,ext_a150c29e,a150c29e,None,,,Security,Imported from legacy sheet
nicole.suarez@mail.test,nicolesuarez,ext_f4de5ca8,f4de5ca8,None,,,Security,
mike.moore@mail.test,mikemoore,ext_5da5dfaf,5da5dfaf,None,,,PMO,Imported from legacy sheet
martha.warner@example.org,marthawarner,ext_11603566,11603566,SC,2024-06-26,,Security,Imported from legacy sheet
cheryl.archer@example.com,cherylarcher,ext_886c1ea3,886c1ea3,None,,,Security,Imported from legacy sheet
destiny.smith@mail.test,destinysmith,ext_5e9e5de3,5e9e5de3,None,,,HR,Imported from legacy sheet
lisa.evans@mail.test,lisaevans,ext_7ef9cf65,7ef9cf65,None,,,PMO,Imported from legacy sheet
elizabeth.mcmillan@example.org,elizabethmcmillan,ext_1d574941,1d574941,None,,,PMO,Imported from legacy sheet
dennis.wilson@example.org,denniswilson,ext_657d64d8,657d64d8,None,,,PMO,Imported from legacy sheet
daniel.tran@example.org,danieltran,ext_60641af3,60641af3,None,,,PMO,Imported from legacy sheet
joseph.jacobs@example.com,josephjacobs,ext_f6efadd2,f6efadd2,None,,,PMO,Imported from legacy sheet
jennifer.harris@example.org,jenniferharris,ext_30185869,30185869,None,,,HR,Imported from legacy sheet
cynthia.baker@example.com,cynthiabaker,ext_a2349b67,a2349b67,SC,2025-04-22,,HR,Imported from legacy sheet
tracy.whitehead@example.com,tracywhitehead,ext_095d8aba,095d8aba,SC,2024-08-30,,HR,Imported from legacy sheet
meghan.davis@mail.test,meghandavis,ext_2fe5acea,2fe5acea,None,,,PMO,Imported from legacy sheet
rodney.hill@example.org,rodneyhill,ext_82750495,82750495,None,,,PMO,Imported from legacy sheet
adam.wise@example.org,adamwise,ext_9ea4028d,9ea4028d,None,,,Security,Imported from legacy sheet
dana.green@example.org,danagreen,ext_ab2a9f3d,ab2a9f3d,SC,2024-07-30,,Security,Imported from legacy sheet
joyce.arnold@example.com,joycearnold,ext_17077af7,17077af7,SC,2025-02-07,,PMO,
ronald.smith@mail.test,ronaldsmith,ext_1470ba4f,1470ba4f,None,,,HR,Imported from legacy sheet
charles.ware@example.com,charlesware,ext_405b1776,405b1776,None,,,Security,Imported from legacy sheet
rebecca.gardner@example.com,rebeccagardner,ext_21a4c0ea,21a4c0ea,None,,,HR,Imported from legacy sheet
mary.aguilar@example.org,maryaguilar,ext_1a497185,1a497185,None,,,PMO,Imported from legacy sheet
earl.anderson@example.com,earlanderson,ext_932e5ed2,932e5ed2,None,,,HR,Imported from legacy sheet
kyle.nolan@mail.test,kylenolan,ext_ea30a78b,ea30a78b,None,,,HR,Imported from legacy sheet
laura.valencia@mail.test,lauravalencia,ext_ee0fbf09,ee0fbf09,None,,,Security,Imported from legacy sheet
rachel.clark@mail.test,rachelclark,ext_70fe625e,70fe625e,None,,,PMO,Imported from legacy sheet
john.garcia@example.com,johngarcia,ext_5bfd9c00,5bfd9c00,None,,,HR,Imported from legacy sheet
kimberly.henson@mail.test,kimberlyhenson,ext_72a377f1,72a377f1,None,,,HR,Imported from legacy sheet
richard.oliver@example.com,richardoliver,ext_d08187c4,d08187c4,None,,,Security,Imported from legacy sheet
eric.spears@mail.test,ericspears,ext_1fdb04d2,1fdb04d2,None,,,Security,
michelle.cherry@example.com,michellecherry,ext_b187fb95,b187fb95,None,,,PMO,
lisa.keith@example.com,lisakeith,ext_2c3beb8d,2c3beb8d,None,,,PMO,Imported from legacy sheet
angel.doyle@example.com,angeldoyle,ext_f58bead8,f58bead8,None,,,Security,Imported from legacy sheet
martin.galvan@example.com,martingalvan,ext_0d92bd79,0d92bd79,None,,,PMO,Imported from legacy sheet
leah.shields@mail.test,leahshields,ext_2c677b8f,2c677b8f,None,,,Security,Imported from legacy sheet
lisa.adams@mail.test,lisaadams,ext_46530ddb,46530ddb,None,,,HR,Imported from legacy sheet
kristin.rodriguez@example.com,kristinrodriguez,ext_010c0791,010c0791,NPPV2,2024-07-31,,Security,
monica.garrison@example.org,monicagarrison,ext_e5244e85,e5244e85,SC,2023-04-05,,Security,Imported from legacy sheet
jeffrey.velasquez@example.org,jeffreyvelasquez,ext_b1f8c8f1,b1f8c8f1,None,,,HR,Imported from legacy sheet
steven.torres@example.org,steventorres,ext_d2d1f5ee,d2d1f5ee,SC,2023-07-24,,Security,Imported from legacy sheet
laura.perez@example.com,lauraperez,ext_c6b4a7c7,c6b4a7c7,None,,,HR,
andrew.lee@example.com,andrewlee,ext_e6bc2ef7,e6bc2ef7,NPPV2,2025-10-12,,PMO,Imported from legacy sheet
mark.lin@mail.test,marklin,ext_7fae4a00,7fae4a00,NPPV2,2025-12-02,,HR,Imported from legacy sheet
tammy.ramirez@example.com,tammyramirez,ext_f047cc90,f047cc90,NPPV2,2026-01-01,,Security,Imported from legacy sheet
darlene.ross@mail.test,darleneross,ext_2d2945a9,2d2945a9,None,,,PMO,Imported from legacy sheet
tina.herrera@example.com,tinaherrera,ext_334b7609,334b7609,None,,,HR,Imported from legacy sheet
sheila.wilson@mail.test,sheilawilson,ext_f00587b9,f00587b9,None,,,Security,Imported from legacy sheet
tara.white@example.org,tarawhite,ext_0df3d133,0df3d133,SC,2024-02-02,,Security,Imported from legacy sheet
sydney.baker@example.org,sydneybaker,ext_7d6bc0e0,7d6bc0e0,None,,,Security,Imported from legacy sheet
daniel.hamilton@example.com,danielhamilton,ext_35094d6c,35094d6c,SC,2023-08-17,,Security,Imported from legacy sheet
jessica.edwards@example.com,jessicaedwards,ext_0f126e62,0f126e62,SC,2025-04-12,,Security,Imported from legacy sheet
catherine.dixon@mail.test,catherinedixon,ext_199170a9,199170a9,None,,,PMO,Imported from legacy sheet
paul.ray@mail.test,paulray,ext_f9d94ea6,f9d94ea6,None,,,HR,Imported from legacy sheet
jonathan.fletcher@example.com,jonathanfletcher,ext_c6f6d331,c6f6d331,NPPV2,2025-02-07,,PMO,Imported from legacy sheet
aaron.frost@mail.test,aaronfrost,ext_f21ccde5,f21ccde5,None,,,HR,Imported from legacy sheet
amanda.ball@example.com,amandaball,ext_39db4119,39db4119,None,,,Security,Imported from legacy sheet
judy.lambert@mail.test,judylambert,ext_2f515f5c,2f515f5c,SC,2023-07-21,,Security,Imported from legacy sheet
michael.jones@example.com,michaeljones,ext_a7616c5e,a7616c5e,NPPV2,2025-09-22,,HR,Imported from legacy sheet
elizabeth.rivera@mail.test,elizabethrivera,ext_c0671072,c0671072,None,,,Security,Imported from legacy sheet
lee.charles@example.org,leecharles,ext_fe0183f7,fe0183f7,None,,,HR,Imported from legacy sheet
jennifer.evans@mail.test,jenniferevans,ext_b92f3eb8,b92f3eb8,SC,2023-08-26,,PMO,Imported from legacy sheet
kyle.ortiz@example.org,kyleortiz,ext_853bbe22,853bbe22,None,,,Security,Imported from legacy sheet
richard.phillips@example.com,richardphillips,ext_8efe1bb8,8efe1bb8,None,,,HR,
david.fisher@example.com,davidfisher,ext_1ed39b5b,1ed39b5b,None,,,HR,Imported from legacy sheet
shelby.byrd@example.com,shelbybyrd,ext_b14c3dff,b14c3dff,None,,,Security,Imported from legacy sheet
raven.gilbert@mail.test,ravengilbert,ext_59d4ef50,59d4ef50,SC,2025-04-29,,PMO,Imported from legacy sheet
kevin.kelley@example.org,kevinkelley,ext_ce2e910c,ce2e910c,SC,2023-08-30,,PMO,Imported from legacy sheet
aaron.mitchell@example.com,aaronmitchell,ext_f716067a,f716067a,SC,2025-02-09,,HR,Imported from legacy sheet
russell.carpenter@example.com,russellcarpenter,ext_574ce717,574ce717,None,,,Security,Imported from legacy sheet
diana.marshall@example.com,dianamarshall,ext_b30db712,b30db712,None,,,Security,
scott.lewis@example.com,scottlewis,ext_cef78287,cef78287,None,,,Security,Imported from legacy sheet
thomas.santana@mail.test,thomassantana,ext_76544518,76544518,None,,,Security,Imported from legacy sheet
laura.jackson@example.org,laurajackson,ext_c7489d42,c7489d42,None,,,Security,Imported from legacy sheet
christopher.robertson@example.com,christopherrobertson,ext_9df381ed,9df381ed,None,,,Security,Imported from legacy sheet
cynthia.rogers@example.org,cynthiarogers,ext_5c4dbd5c,5c4dbd5c,None,,,Security,Imported from legacy sheet
loretta.potter@example.com,lorettapotter,ext_442e5246,442e5246,NPPV2,2023-07-09,,PMO,Imported from legacy sheet
emily.walker@example.com,emilywalker,ext_730b2f88,730b2f88,None,,,HR,Imported from legacy sheet
james.johnson@example.org,jamesjohnson,ext_5ae88d74,5ae88d74,SC,2023-07-19,,Security,Imported from legacy sheet
john.alvarez@example.com,johnalvarez,ext_62a31c39,62a31c39,None,,,Security,
melissa.jones@example.com,melissajones,ext_aacb4fd4,aacb4fd4,SC,2024-01-08,,HR,Imported from legacy sheet
robert.soto@example.com,robertsoto,ext_4bee36aa,4bee36aa,None,,,PMO,Imported from legacy sheet
james.horton@example.com,jameshorton,ext_6d560090,6d560090,NPPV2,2026-01-18,,HR,Imported from legacy sheet
troy.sanchez@mail.test,troysanchez,ext_1eef48ba,1eef48ba,None,,,HR,Imported from legacy sheet
diana.smith@example.org,dianasmith,ext_7501f810,7501f810,None,,,Security,Imported from legacy sheet
karen.carrillo@mail.test,karencarrillo,ext_0358eeb6,0358eeb6,NPPV2,2024-03-23,,Security,Imported from legacy sheet
daniel.coleman@example.org,danielcoleman,ext_8b782af2,8b782af2,SC,2025-07-31,,HR,Imported from legacy sheet
gregory.rubio@mail.test,gregoryrubio,ext_04c8a13d,04c8a13d,None,,,PMO,Imported from legacy sheet
april.williams@mail.test,aprilwilliams,ext_9e9e296f,9e9e296f,None,,,HR,
john.charles@example.org,johncharles,ext_3b94509b,3b94509b,None,,,Security,Imported from legacy sheet
stephen.solis@example.org,stephensolis,ext_ba51689e,ba51689e,None,,,HR,Imported from legacy sheet
elizabeth.travis@mail.test,elizabethtravis,ext_e3b1c9a2,e3b1c9a2,NPPV2,2024-08-16,,PMO,Imported from legacy sheet
caitlin.dodson@mail.test,caitlindodson,ext_61092eff,61092eff,SC,2025-10-13,,HR,Imported from legacy sheet
patricia.salazar@mail.test,patriciasalazar,ext_1e91b82d,1e91b82d,None,,,Security,Imported from legacy sheet
jennifer.wagner@mail.test,jenniferwagner,ext_78563609,78563609,None,,,PMO,Imported from legacy sheet
maria.kelley@mail.test,mariakelley,ext_73989ac9,73989ac9,SC,2025-11-06,,Security,Imported from legacy sheet
phyllis.manning@mail.test,phyllismanning,ext_ab4e9dce,ab4e9dce,None,,,HR,Imported from legacy sheet
thomas.green@mail.test,thomasgreen,ext_f661937f,f661937f,SC,2026-03-27,,Security,Imported from legacy sheet
john.walsh@example.org,johnwalsh,ext_0cc96594,0cc96594,SC,2025-10-14,,HR,Imported from legacy sheet
katie.boyd@example.org,katieboyd,ext_e538b6da,e538b6da,None,,,Security,Imported from legacy sheet
courtney.hill@example.org,courtneyhill,ext_fc5efe0a,fc5efe0a,None,,,HR,Imported from legacy sheet
chris.mitchell@mail.test,chrismitchell,ext_a3fb4bbb,a3fb4bbb,None,,,HR,Imported from legacy sheet
joseph.flores@example.com,josephflores,ext_6d85ea7f,6d85ea7f,None,,,HR,Imported from legacy sheet
amber.taylor@mail.test,ambertaylor,ext_f0099a3f,f0099a3f,None,,,PMO,Imported from legacy sheet
jesse.benson@example.com,jessebenson,ext_dc269dac,dc269dac,SC,2026-03-11,,PMO,Imported from legacy sheet
jasmine.brown@example.com,jasminebrown,ext_24f25d16,24f25d16,SC,2024-08-28,,HR,Imported from legacy sheet
rick.daniels@example.com,rickdaniels,ext_1c4135ae,1c4135ae,None,,,Security,Imported from legacy sheet
robert.clark@example.com,robertclark,ext_9e5d2e12,9e5d2e12,None,,,PMO,Imported from legacy sheet
robert.stein@example.com,robertstein,ext_7d476cbd,7d476cbd,None,,,PMO,Imported from legacy sheet
brandy.dominguez@example.com,brandydominguez,ext_4f553f2a,4f553f2a,NPPV2,2025-08-14,,PMO,Imported from legacy sheet
melissa.cannon@example.org,melissacannon,ext_d4585aa8,d4585aa8,None,,,Security,Imported from legacy sheet
omar.smith@example.com,omarsmith,ext_924925ac,924925ac,SC,2024-05-09,,Security,Imported from legacy sheet
michael.molina@mail.test,michaelmolina,ext_e06e17d0,e06e17d0,None,,,HR,Imported from legacy sheet
melissa.ashley@example.org,melissaashley,ext_b3343076,b3343076,SC,2023-05-18,,Security,Imported from legacy sheet
robert.adkins@example.com,robertadkins,ext_83e92a7d,83e92a7d,SC,2026-03-05,,Security,Imported from legacy sheet
amy.morrison@mail.test,amymorrison,ext_042cef84,042cef84,None,,,Security,Imported from legacy sheet
jeffrey.robinson@example.com,jeffreyrobinson,ext_0d94ace0,0d94ace0,SC,2023-12-24,,HR,Imported from legacy sheet
ryan.johnson@example.com,ryanjohnson,ext_0b2e35dd,0b2e35dd,SC,2024-03-31,,PMO,Imported from legacy sheet
matthew.shelton@mail.test,matthewshelton,ext_485edaa2,485edaa2,SC,2023-11-13,,Security,Imported from legacy sheet
richard.martin@mail.test,richardmartin,ext_116097ed,116097ed,None,,,PMO,Imported from legacy sheet
tanner.anderson@example.com,tanneranderson,ext_75984d23,75984d23,None,,,Security,Imported from legacy sheet
cindy.johnson@example.com,cindyjohnson,ext_cdc4afcd,cdc4afcd,SC,2025-04-20,,HR,Imported from legacy sheet
phillip.elliott@example.com,phillipelliott,ext_e11ae844,e11ae844,SC,2023-04-07,,HR,
anthony.day@example.com,anthonyday,ext_aad93073,aad93073,None,,,PMO,
derek.murray@example.org,derekmurray,ext_1d24bd04,1d24bd04,SC,2023-07-14,,PMO,Imported from legacy sheet
brent.gray@example.org,brentgray,ext_1256fd59,1256fd59,SC,2025-02-23,,Security,Imported from legacy sheet
jason.murphy@example.org,jasonmurphy,ext_595b1c99,595b1c99,None,,,Security,Imported from legacy sheet
kathleen.gray@example.com,kathleengray,ext_23a89b1d,23a89b1d,None,,,PMO,Imported from legacy sheet
karen.decker@example.org,karendecker,ext_b9f1a608,b9f1a608,None,,,HR,Imported from legacy sheet
johnny.miller@example.org,johnnymiller,ext_2a5011dd,2a5011dd,None,,,Security,Imported from legacy sheet
andrew.ryan@example.com,andrewryan,ext_45d62a44,45d62a44,None,,,Security,Imported from legacy sheet
zoe.bell@example.com,zoebell,ext_a06062fd,a06062fd,SC,2023-09-11,,HR,Imported from legacy sheet
debra.harrington@mail.test,debraharrington,ext_fdf6ce06,fdf6ce06,None,,,PMO,
denise.webster@mail.test,denisewebster,ext_63cc44d4,63cc44d4,SC,2025-03-17,,HR,Imported from legacy sheet
stefanie.gonzalez@example.org,stefaniegonzalez,ext_12b28666,12b28666,None,,,Security,Imported from legacy sheet
andrew.hernandez@example.com,andrewhernandez,ext_df5e6660,df5e6660,None,,,HR,Imported from legacy sheet
david.caldwell@example.com,davidcaldwell,ext_a7490bd4,a7490bd4,None,,,PMO,Imported from legacy sheet
anne.robinson@example.com,annerobinson,ext_f7101721,f7101721,None,,,PMO,Imported from legacy sheet
holly.wang@example.org,hollywang,ext_aa251376,aa251376,None,,,Security,Imported from legacy sheet
gary.lawson@example.org,garylawson,ext_dea65a84,dea65a84,None,,,Security,Imported from legacy sheet
julie.wilson@example.org,juliewilson,ext_8c866d33,8c866d33,None,,,HR,Imported from legacy sheet
lori.oconnell@example.org,lorioconnell,ext_350057c2,350057c2,None,,,PMO,Imported from legacy sheet
daniel.johnson@mail.test,danieljohnson,ext_2c321ce3,2c321ce3,None,,,PMO,Imported from legacy sheet
larry.byrd@mail.test,larrybyrd,ext_b1a30972,b1a30972,NPPV2,2025-01-14,,HR,Imported from legacy sheet
susan.sanders@example.com,susansanders,ext_05cac1b8,05cac1b8,None,,,Security,Imported from legacy sheet
jennifer.jones@example.com,jenniferjones,ext_356deeb0,356deeb0,NPPV2,2025-08-14,,Security,Imported from legacy sheet
hannah.burton@mail.test,hannahburton,ext_68081bf9,68081bf9,NPPV2,2023-07-04,,Security,Imported from legacy sheet
curtis.barton@mail.test,curtisbarton,ext_f51feb6a,f51feb6a,None,,,HR,Imported from legacy sheet
melissa.burke@mail.test,melissaburke,ext_73e8431a,73e8431a,SC,2023-08-12,,Security,Imported from legacy sheet
david.riggs@example.org,davidriggs,ext_5a8420ed,5a8420ed,SC,2023-08-17,,Security,Imported from legacy sheet
kimberly.reed@example.org,kimberlyreed,ext_4746b284,4746b284,SC,2025-05-16,,HR,Imported from legacy sheet
ross.wood@example.com,rosswood,ext_ef2ee397,ef2ee397,SC,2024-04-15,,HR,Imported from legacy sheet
william.peterson@example.com,williampeterson,ext_d7a7e47c,d7a7e47c,None,,,PMO,Imported from legacy sheet
melissa.short@example.com,melissashort,ext_88f99f95,88f99f95,None,,,Security,Imported from legacy sheet
daniel.yu@example.org,danielyu,ext_c95fd484,c95fd484,None,,,HR,Imported from legacy sheet
cynthia.poole@mail.test,cynthiapoole,ext_39a0c4f0,39a0c4f0,None,,,Security,Imported from legacy sheet
jasmine.graham@example.com,jasminegraham,ext_32daa1a9,32daa1a9,None,,,Security,Imported from legacy sheet
jessica.sheppard@mail.test,jessicasheppard,ext_94e00b85,94e00b85,None,,,HR,Imported from legacy sheet
joseph.morton@example.org,josephmorton,ext_8087e31e,8087e31e,None,,,Security,Imported from legacy sheet
amanda.webb@example.org,amandawebb,ext_c9a72ebe,c9a72ebe,None,,,HR,
ryan.simon@example.com,ryansimon,ext_a0a5f3b8,a0a5f3b8,None,,,HR,Imported from legacy sheet
joseph.christian@mail.test,josephchristian,ext_2909f414,2909f414,None,,,HR,Imported from legacy sheet
mariah.miller@example.com,mariahmiller,ext_a9ceed80,a9ceed80,None,,,Security,Imported from legacy sheet
nicole.sanchez@example.com,nicolesanchez,ext_07feb8ab,07feb8ab,SC,2025-11-12,,Security,Imported from legacy sheet
steven.bishop@example.com,stevenbishop,ext_18adcccc,18adcccc,SC,2023-12-31,,Security,Imported from legacy sheet
nicholas.johnson@example.org,nicholasjohnson,ext_c40061e1,c40061e1,None,,,Security,Imported from legacy sheet
melissa.white@mail.test,melissawhite,ext_e9043431,e9043431,None,,,PMO,
jason.salinas@mail.test,jasonsalinas,ext_b0357aa7,b0357aa7,None,,,Security,Imported from legacy sheet
matthew.beard@example.org,matthewbeard,ext_8b248ba0,8b248ba0,None,,,Security,Imported from legacy sheet
jacqueline.hill@example.com,jacquelinehill,ext_9b53e872,9b53e872,None,,,PMO,Imported from legacy sheet
alejandro.vaughan@mail.test,alejandrovaughan,ext_7b1ab587,7b1ab587,SC,2024-02-10,,Security,Imported from legacy sheet
christopher.cortez@example.com,christophercortez,ext_dda8d6ed,dda8d6ed,SC,2025-10-07,,Security,Imported from legacy sheet
tracy.chang@example.com,tracychang,ext_201c711b,201c711b,SC,2025-08-06,,HR,Imported from legacy sheet
hannah.brewer@example.org,hannahbrewer,ext_b0e484cc,b0e484cc,None,,,PMO,Imported from legacy sheet
travis.mcguire@mail.test,travismcguire,ext_a4e24d44,a4e24d44,None,,,Security,
christopher.walker@mail.test,christopherwalker,ext_517bd764,517bd764,None,,,Security,
heather.torres@example.com,heathertorres,ext_60b15d71,60b15d71,NPPV2,2025-06-23,,PMO,Imported from legacy sheet
bonnie.kennedy@example.com,bonniekennedy,ext_61582b4c,61582b4c,None,,,HR,Imported from legacy sheet
alyssa.coleman@example.com,alyssacoleman,ext_3e53c460,3e53c460,SC,2023-06-26,,PMO,Imported from legacy sheet
julie.rivera@mail.test,julierivera,ext_e3b1becb,e3b1becb,None,,,PMO,Imported from legacy sheet
jacqueline.nelson@example.com,jacquelinenelson,ext_3262e801,3262e801,SC,2025-08-14,,PMO,Imported from legacy sheet
john.martinez@mail.test,johnmartinez,ext_e7ca3b72,e7ca3b72,None,,,Security,Imported from legacy sheet
james.wilson@mail.test,jameswilson,ext_ece79fbe,ece79fbe,SC,2025-12-12,,Security,
amanda.gill@example.org,amandagill,ext_4f986231,4f986231,None,,,Security,Imported from legacy sheet
jacob.robinson@example.com,jacobrobinson,ext_8032314c,8032314c,None,,,PMO,Imported from legacy sheet
todd.hardy@example.org,toddhardy,ext_4e7e2c3a,4e7e2c3a,SC,2023-09-15,,PMO,Imported from legacy sheet
tiffany.warren@mail.test,tiffanywarren,ext_d425e08a,d425e08a,SC,2024-10-07,,PMO,Imported from legacy sheet
justin.garcia@mail.test,justingarcia,ext_69620149,69620149,SC,2024-11-16,,Security,Imported from legacy sheet
james.perez@example.org,jamesperez,ext_845a5164,845a5164,None,,,PMO,Imported from legacy sheet
harry.smith@example.com,harrysmith,ext_c3fe175a,c3fe175a,None,,,PMO,Imported from legacy sheet
amanda.hill@example.com,amandahill,ext_bdb1cc40,bdb1cc40,SC,2024-08-28,,HR,Imported from legacy sheet
terri.tran@example.com,territran,ext_0d01380b,0d01380b,SC,2024-01-27,,PMO,Imported from legacy sheet
heidi.martinez@example.org,heidimartinez,ext_85bc7092,85bc7092,None,,,PMO,Imported from legacy sheet
miranda.henry@example.com,mirandahenry,ext_a0594379,a0594379,None,,,PMO,Imported from legacy sheet
monique.andrews@example.org,moniqueandrews,ext_ad8fad47,ad8fad47,SC,2023-06-23,,HR,Imported from legacy sheet
taylor.alexander@example.com,tayloralexander,ext_87f243eb,87f243eb,None,,,HR,Imported from legacy sheet
jack.williams@example.org,jackwilliams,ext_3e19dca4,3e19dca4,SC,2023-08-14,,Security,Imported from legacy sheet
shelley.woods@mail.test,shelleywoods,ext_2ea9a32e,2ea9a32e,None,,,PMO,Imported from legacy sheet
lynn.morales@example.org,lynnmorales,ext_4161fd86,4161fd86,None,,,HR,Imported from legacy sheet
charles.soto@example.com,charlessoto,ext_2b85926b,2b85926b,None,,,PMO,Imported from legacy sheet
brian.hernandez@example.com,brianhernandez,ext_b2cf0dea,b2cf0dea,None,,,HR,
anna.torres@mail.test,annatorres,ext_bd07fa79,bd07fa79,None,,,PMO,
victoria.wilson@example.org,victoriawilson,ext_d8f828ad,d8f828ad,SC,2025-11-30,,PMO,Imported from legacy sheet
kathy.obrien@example.com,kathyobrien,ext_6bac08e0,6bac08e0,None,,,PMO,Imported from legacy sheet
krystal.perez@example.com,krystalperez,ext_779a1ce2,779a1ce2,SC,2023-08-13,,PMO,Imported from legacy sheet
alexandra.hayes@example.org,alexandrahayes,ext_b94a7cef,b94a7cef,None,,,Security,Imported from legacy sheet
scott.dalton@example.org,scottdalton,ext_bcd0cdbe,bcd0cdbe,None,,,PMO,Imported from legacy sheet
veronica.torres@mail.test,veronicatorres,ext_718e8500,718e8500,None,,,HR,
christine.lynch@mail.test,christinelynch,ext_1dfcb99f,1dfcb99f,None,,,Security,Imported from legacy sheet
jody.meza@mail.test,jodymeza,ext_110d7d77,110d7d77,None,,,Security,Imported from legacy sheet
jared.clark@example.com,jaredclark,ext_55e6c102,55e6c102,None,,,Security,Imported from legacy sheet
donna.moore@mail.test,donnamoore,ext_a01fbe54,a01fbe54,SC,2025-10-18,,PMO,Imported from legacy sheet
glenn.jones@example.com,glennjones,ext_db48c7d5,db48c7d5,NPPV2,2026-02-24,,Security,Imported from legacy sheet
aaron.hayes@example.com,aaronhayes,ext_c46b086a,c46b086a,SC,2023-07-06,,Security,Imported from legacy sheet
brittney.carter@mail.test,brittneycarter,ext_3799430e,3799430e,None,,,HR,
jesse.mann@mail.test,jessemann,ext_e5a1e8ab,e5a1e8ab,None,,,HR,Imported from legacy sheet
jacqueline.gibson@mail.test,jacquelinegibson,ext_ca60fc94,ca60fc94,None,,,PMO,Imported from legacy sheet
grace.bradshaw@example.org,gracebradshaw,ext_a29d1c7b,a29d1c7b,None,,,Security,Imported from legacy sheet
kristin.weber@example.org,kristinweber,ext_ba0ae12a,ba0ae12a,None,,,Security,Imported from legacy sheet
donna.peck@example.org,donnapeck,ext_603193a8,603193a8,None,,,HR,Imported from legacy sheet
ronald.stephens@example.com,ronaldstephens,ext_d2e3ab5d,d2e3ab5d,None,,,HR,Imported from legacy sheet
deborah.kerr@example.com,deborahkerr,ext_1916a732,1916a732,NPPV2,2025-12-20,,Security,Imported from legacy sheet
margaret.jones@mail.test,margaretjones,ext_15097b2a,15097b2a,None,,,PMO,Imported from legacy sheet
gabriel.parker@example.org,gabrielparker,ext_35d19323,35d19323,SC,2025-04-13,,PMO,Imported from legacy sheet
kaitlyn.carroll@mail.test,kaitlyncarroll,ext_4aed92b1,4aed92b1,SC,2024-04-26,,HR,Imported from legacy sheet
keith.martinez@example.com,keithmartinez,ext_784c9019,784c9019,SC,2023-10-08,,PMO,Imported from legacy sheet
haley.lyons@example.org,haleylyons,ext_05bf2051,05bf2051,None,,,Security,Imported from legacy sheet
sherri.mason@example.com,sherrimason,ext_7e482049,7e482049,None,,,HR,Imported from legacy sheet
troy.miller@example.com,troymiller,ext_0f0f5408,0f0f5408,None,,,Security,Imported from legacy sheet
bill.reynolds@example.org,billreynolds,ext_1e58d243,1e58d243,SC,2024-11-14,,HR,Imported from legacy sheet
marcus.wright@mail.test,marcuswright,ext_d779b7f8,d779b7f8,None,,,HR,
christopher.hayden@mail.test,christopherhayden,ext_7a33ef3f,7a33ef3f,None,,,Security,Imported from legacy sheet
mary.johnston@example.com,maryjohnston,ext_27d1fc94,27d1fc94,None,,,Security,Imported from legacy sheet
stephanie.key@example.com,stephaniekey,ext_61604b50,61604b50,None,,,HR,Imported from legacy sheet
emily.adams@example.com,emilyadams,ext_b56e613c,b56e613c,None,,,PMO,Imported from legacy sheet
billy.avila@mail.test,billyavila,ext_d3b883fa,d3b883fa,SC,2024-02-17,,Security,Imported from legacy sheet
thomas.pearson@example.org,thomaspearson,ext_24c837e3,24c837e3,SC,2023-04-07,,PMO,Imported from legacy sheet
sabrina.white@example.org,sabrinawhite,ext_f6e4704a,f6e4704a,None,,,HR,Imported from legacy sheet
brenda.walters@mail.test,brendawalters,ext_7c3f429f,7c3f429f,None,,,HR,Imported from legacy sheet
travis.davis@example.org,travisdavis,ext_8b814786,8b814786,None,,,HR,Imported from legacy sheet
michael.cook@example.org,michaelcook,ext_b02fcc28,b02fcc28,None,,,PMO,Imported from legacy sheet
elizabeth.hodge@mail.test,elizabethhodge,ext_31e1510a,31e1510a,None,,,PMO,Imported from legacy sheet
mark.steele@mail.test,marksteele,ext_aba16331,aba16331,SC,2023-07-24,,PMO,Imported from legacy sheet
keith.landry@example.com,keithlandry,ext_cd914151,cd914151,None,,,PMO,Imported from legacy sheet
lisa.pierce@mail.test,lisapierce,ext_d8d1d1af,d8d1d1af,SC,2024-09-10,,Security,Imported from legacy sheet
shawn.edwards@example.com,shawnedwards,ext_8892a2ea,8892a2ea,SC,2025-02-12,,PMO,
marcus.cordova@example.org,marcuscordova,ext_706dd1bb,706dd1bb,None,,,PMO,Imported from legacy sheet
richard.robertson@mail.test,richardrobertson,ext_5abb9f37,5abb9f37,None,,,HR,Imported from legacy sheet
vanessa.sandoval@example.org,vanessasandoval,ext_a10bc2b7,a10bc2b7,SC,2024-04-25,,Security,Imported from legacy sheet
amy.gutierrez@example.com,amygutierrez,ext_901a5d2a,901a5d2a,None,,,Security,
jacob.cox@example.com,jacobcox,ext_1fff92c4,1fff92c4,None,,,HR,Imported from legacy sheet
katherine.garrett@example.org,katherinegarrett,ext_9a5a8886,9a5a8886,None,,,PMO,Imported from legacy sheet
kathleen.harris@example.org,kathleenharris,ext_998607b2,998607b2,NPPV2,2023-07-06,,HR,Imported from legacy sheet
andrea.pennington@example.com,andreapennington,ext_2463f905,2463f905,None,,,PMO,Imported from legacy sheet
samuel.wolfe@example.com,samuelwolfe,ext_13e6b500,13e6b500,SC,2026-03-09,,Security,Imported from legacy sheet
david.dudley@mail.test,daviddudley,ext_e1aa3dfa,e1aa3dfa,None,,,Security,Imported from legacy sheet
chelsea.allen@example.org,chelseaallen,ext_bb8c3615,bb8c3615,SC,2026-01-20,,HR,Imported from legacy sheet
eric.pierce@example.org,ericpierce,ext_ae422319,ae422319,SC,2024-03-25,,Security,Imported from legacy sheet
andrea.davis@mail.test,andreadavis,ext_e769504b,e769504b,None,,,HR,Imported from legacy sheet
victoria.durham@mail.test,victoriadurham,ext_5300d046,5300d046,None,,,HR,
steven.wilson@mail.test,stevenwilson,ext_2c045cb5,2c045cb5,SC,2024-03-20,,PMO,Imported from legacy sheet
marilyn.jimenez@example.org,marilynjimenez,ext_8aab3d81,8aab3d81,None,,,Security,
jennifer.hicks@example.com,jenniferhicks,ext_7d9eeba6,7d9eeba6,None,,,Security,Imported from legacy sheet
joshua.davenport@example.org,joshuadavenport,ext_e722d7a0,e722d7a0,None,,,PMO,
tina.sanchez@example.com,tinasanchez,ext_86777f56,86777f56,SC,2023-05-21,,PMO,Imported from legacy sheet
andrea.reyes@mail.test,andreareyes,ext_94d67228,94d67228,None,,,PMO,Imported from legacy sheet
sandra.romero@mail.test,sandraromero,ext_7ce39da2,7ce39da2,None,,,Security,Imported from legacy sheet
natasha.shields@mail.test,natashashields,ext_ef4686c3,ef4686c3,None,,,HR,Imported from legacy sheet
joshua.tyler@mail.test,joshuatyler,ext_0c1fe730,0c1fe730,SC,2025-06-06,,HR,Imported from legacy sheet
robert.villa@example.org,robertvilla,ext_eb5e12ae,eb5e12ae,None,,,Security,Imported from legacy sheet
william.hoover@example.com,williamhoover,ext_6d7f35fa,6d7f35fa,SC,2024-08-30,,HR,Imported from legacy sheet
justin.evans@example.com,justinevans,ext_85ab4f55,85ab4f55,None,,,PMO,Imported from legacy sheet
brenda.duarte@mail.test,brendaduarte,ext_7a3f4dfe,7a3f4dfe,None,,,HR,
tracy.hernandez@example.com,tracyhernandez,ext_c56c419c,c56c419c,NPPV2,2024-04-16,,Security,Imported from legacy sheet
amanda.reed@example.org,amandareed,ext_9b0e030c,9b0e030c,None,,,PMO,Imported from legacy sheet
andrea.daniels@mail.test,andreadaniels,ext_c271887e,c271887e,None,,,Security,Imported from legacy sheet
stanley.morris@example.org,stanleymorris,ext_55c2bac9,55c2bac9,SC,2024-03-12,,Security,Imported from legacy sheet
jacob.terry@example.org,jacobterry,ext_29f4c0ad,29f4c0ad,NPPV2,2026-03-07,,PMO,Imported from legacy sheet
ashley.hall@example.org,ashleyhall,ext_774eb47a,774eb47a,None,,,PMO,Imported from legacy sheet
kimberly.williams@mail.test,kimberlywilliams,ext_a6018f84,a6018f84,None,,,PMO,
julie.thornton@example.com,juliethornton,ext_a297b28b,a297b28b,None,,,PMO,Imported from legacy sheet
lisa.hughes@example.com,lisahughes,ext_2dda865d,2dda865d,NPPV2,2023-11-08,,PMO,Imported from legacy sheet
elizabeth.hoover@mail.test,elizabethhoover,ext_f36dda7f,f36dda7f,None,,,Security,Imported from legacy sheet
tina.simpson@example.org,tinasimpson,ext_3947a2cf,3947a2cf,SC,2025-10-07,,HR,Imported from legacy sheet
benjamin.shaw@example.org,benjaminshaw,ext_bb4387bb,bb4387bb,None,,,HR,Imported from legacy sheet
brittany.kane@mail.test,brittanykane,ext_839b3c83,839b3c83,SC,2024-10-16,,PMO,Imported from legacy sheet
morgan.alexander@example.org,morganalexander,ext_69df759d,69df759d,None,,,Security,Imported from legacy sheet
alicia.bryant@example.org,aliciabryant,ext_d9a0a7d5,d9a0a7d5,None,,,HR,
jennifer.ortiz@mail.test,jenniferortiz,ext_febf79a4,febf79a4,None,,,Security,Imported from legacy sheet
diana.moore@example.com,dianamoore,ext_819168e7,819168e7,None,,,HR,Imported from legacy sheet
terrance.costa@example.com,terrancecosta,ext_45f6be21,45f6be21,None,,,HR,Imported from legacy sheet
matthew.schwartz@mail.test,matthewschwartz,ext_f74dce5f,f74dce5f,None,,,HR,Imported from legacy sheet
debra.christian@example.com,debrachristian,ext_b6b5e076,b6b5e076,SC,2025-05-01,,Security,Imported from legacy sheet
melissa.villarreal@example.com,melissavillarreal,ext_b9e34dcc,b9e34dcc,None,,,Security,Imported from legacy sheet
norman.stewart@mail.test,normanstewart,ext_b13eae50,b13eae50,None,,,PMO,Imported from legacy sheet
jennifer.malone@mail.test,jennifermalone,ext_6a312892,6a312892,SC,2024-11-12,,PMO,Imported from legacy sheet
monique.johnson@example.org,moniquejohnson,ext_b0c560b1,b0c560b1,SC,2025-02-02,,PMO,Imported from legacy sheet
casey.welch@example.org,caseywelch,ext_82a69cdf,82a69cdf,NPPV2,2025-07-23,,Security,
samantha.bright@mail.test,samanthabright,ext_ec155ca8,ec155ca8,SC,2025-09-01,,Security,Imported from legacy sheet
julie.hamilton@example.com,juliehamilton,ext_18dceb55,18dceb55,None,,,HR,Imported from legacy sheet
corey.schultz@example.com,coreyschultz,ext_5e35588f,5e35588f,None,,,Security,Imported from legacy sheet
monique.wallace@example.org,moniquewallace,ext_bf62e014,bf62e014,SC,2025-11-16,,PMO,Imported from legacy sheet
heather.berger@example.com,heatherberger,ext_9e6a4a92,9e6a4a92,None,,,Security,Imported from legacy sheet
brandon.flynn@example.com,brandonflynn,ext_02fcaba6,02fcaba6,None,,,HR,Imported from legacy sheet
kelly.brooks@example.com,kellybrooks,ext_a5a5222e,a5a5222e,None,,,PMO,Imported from legacy sheet
dustin.schmidt@example.com,dustinschmidt,ext_af84fe3c,af84fe3c,None,,,Security,Imported from legacy sheet
ashlee.sparks@mail.test,ashleesparks,ext_d05b4d0c,d05b4d0c,None,,,PMO,Imported from legacy sheet
george.miller@example.org,georgemiller,ext_c042561f,c042561f,None,,,HR,
monica.harvey@example.org,monicaharvey,ext_4165b714,4165b714,None,,,HR,Imported from legacy sheet
john.durham@example.com,johndurham,ext_b41286bc,b41286bc,SC,2023-09-18,,Security,Imported from legacy sheet
douglas.murray@example.org,douglasmurray,ext_d72e69a9,d72e69a9,SC,2025-04-05,,HR,Imported from legacy sheet
jonathan.scott@mail.test,jonathanscott,ext_2c4f262c,2c4f262c,SC,2024-08-18,,Security,Imported from legacy sheet
albert.ballard@mail.test,albertballard,ext_c747b09e,c747b09e,None,,,HR,Imported from legacy sheet
rachel.byrd@example.com,rachelbyrd,ext_4b9eed9b,4b9eed9b,None,,,PMO,Imported from legacy sheet
eric.alexander@example.com,ericalexander,ext_3cfe0c4b,3cfe0c4b,None,,,Security,Imported from legacy sheet
michael.matthews@example.com,michaelmatthews,ext_e3803375,e3803375,SC,2025-11-18,,HR,Imported from legacy sheet
danielle.coleman@example.org,daniellecoleman,ext_347d1df4,347d1df4,NPPV2,2024-07-20,,Security,
john.bruce@example.org,johnbruce,ext_40aa8121,40aa8121,None,,,Security,Imported from legacy sheet
james.cruz@example.org,jamescruz,ext_1f198d2e,1f198d2e,None,,,HR,Imported from legacy sheet
timothy.young@example.com,timothyyoung,ext_f93786a8,f93786a8,None,,,PMO,Imported from legacy sheet
ashley.andrews@mail.test,ashleyandrews,ext_21bd0707,21bd0707,None,,,PMO,Imported from legacy sheet
victoria.phillips@example.org,victoriaphillips,ext_f8d93ed5,f8d93ed5,None,,,Security,Imported from legacy sheet
tiffany.barrett@example.com,tiffanybarrett,ext_3129d488,3129d488,NPPV2,2023-06-30,,Security,Imported from legacy sheet
joshua.knight@example.org,joshuaknight,ext_741c8c49,741c8c49,None,,,PMO,Imported from legacy sheet
gina.garner@example.org,ginagarner,ext_5dcf9f2a,5dcf9f2a,None,,,PMO,Imported from legacy sheet
brandon.obrien@example.org,brandonobrien,ext_9c068c5a,9c068c5a,None,,,Security,Imported from legacy sheet
tyler.strong@example.com,tylerstrong,ext_8f117685,8f117685,SC,2025-12-24,,PMO,Imported from legacy sheet
justin.lindsey@example.com,justinlindsey,ext_7270dd9e,7270dd9e,NPPV2,2024-05-13,,HR,
catherine.gomez@example.com,catherinegomez,ext_e4741671,e4741671,None,,,Security,Imported from legacy sheet
dana.oliver@example.org,danaoliver,ext_11d15030,11d15030,SC,2025-01-11,,HR,Imported from legacy sheet
erica.le@mail.test,ericale,ext_4b92965f,4b92965f,None,,,Security,Imported from legacy sheet
donna.massey@example.com,donnamassey,ext_589c6eb2,589c6eb2,NPPV2,2024-11-12,,PMO,Imported from legacy sheet
courtney.berger@example.com,courtneyberger,ext_52bc44de,52bc44de,None,,,HR,Imported from legacy sheet
debbie.parker@example.com,debbieparker,ext_a6bcd1fa,a6bcd1fa,None,,,PMO,Imported from legacy sheet
scott.riley@mail.test,scottriley,ext_0573a056,0573a056,None,,,HR,Imported from legacy sheet
jessica.davis@example.com,jessicadavis,ext_29a4c843,29a4c843,SC,2025-03-10,,Security,
kenneth.burgess@mail.test,kennethburgess,ext_07861ced,07861ced,SC,2024-12-12,,PMO,Imported from legacy sheet
gregory.anderson@mail.test,gregoryanderson,ext_8b9b199e,8b9b199e,SC,2024-05-25,,Security,Imported from legacy sheet
amber.mata@example.org,ambermata,ext_de4a9d21,de4a9d21,None,,,PMO,Imported from legacy sheet
alyssa.mcintyre@example.org,alyssamcintyre,ext_08d01d99,08d01d99,None,,,PMO,Imported from legacy sheet
maria.scott@example.org,mariascott,ext_ff712caa,ff712caa,None,,,Security,Imported from legacy sheet
makayla.olson@example.com,makaylaolson,ext_143e402b,143e402b,None,,,HR,Imported from legacy sheet
lindsay.francis@example.org,lindsayfrancis,ext_e3be6689,e3be6689,SC,2026-03-18,,PMO,Imported from legacy sheet
matthew.wilson@example.org,matthewwilson,ext_45f73473,45f73473,None,,,Security,Imported from legacy sheet
sydney.taylor@mail.test,sydneytaylor,ext_e15072b2,e15072b2,NPPV2,2026-01-29,,Security,Imported from legacy sheet
tammy.dalton@example.org,tammydalton,ext_b66d2e79,b66d2e79,SC,2024-06-17,,Security,Imported from legacy sheet
jennifer.whitney@example.com,jenniferwhitney,ext_65280b68,65280b68,None,,,Security,Imported from legacy sheet
tammy.ballard@example.org,tammyballard,ext_06451c99,06451c99,SC,2025-09-05,,HR,Imported from legacy sheet
michael.gibbs@mail.test,michaelgibbs,ext_f47349ad,f47349ad,None,,,Security,Imported from legacy sheet
alexander.herrera@example.com,alexanderherrera,ext_22e216ec,22e216ec,None,,,Security,Imported from legacy sheet
shawn.chambers@example.org,shawnchambers,ext_a59f5108,a59f5108,None,,,Security,Imported from legacy sheet
emily.richards@mail.test,emilyrichards,ext_d500020f,d500020f,SC,2026-01-26,,Security,Imported from legacy sheet
lynn.bentley@example.org,lynnbentley,ext_e934459e,e934459e,None,,,Security,Imported from legacy sheet
daniel.hall@example.org,danielhall,ext_d3027aa7,d3027aa7,None,,,PMO,Imported from legacy sheet
angel.henson@mail.test,angelhenson,ext_dd0b0a4e,dd0b0a4e,None,,,PMO,Imported from legacy sheet
anna.herman@example.com,annaherman,ext_d8f69470,d8f69470,None,,,HR,Imported from legacy sheet
jeffrey.brown@example.com,jeffreybrown,ext_d4965761,d4965761,None,,,Security,Imported from legacy sheet
madison.blankenship@mail.test,madisonblankenship,ext_66c3c2cc,66c3c2cc,None,,,Security,Imported from legacy sheet
kevin.ortiz@example.com,kevinortiz,ext_04d711bf,04d711bf,SC,2025-10-08,,HR,Imported from legacy sheet
donald.shah@example.org,donaldshah,ext_681f723a,681f723a,SC,2023-09-16,,Security,Imported from legacy sheet
kevin.vasquez@example.com,kevinvasquez,ext_f4d118d3,f4d118d3,SC,2025-08-16,,Security,Imported from legacy sheet
colton.clay@mail.test,coltonclay,ext_cc620758,cc620758,SC,2026-03-16,,PMO,Imported from legacy sheet
derek.chavez@example.org,derekchavez,ext_7e4c8e2e,7e4c8e2e,NPPV2,2023-11-12,,HR,
ellen.paul@mail.test,ellenpaul,ext_0ef3756b,0ef3756b,SC,2024-04-08,,HR,Imported from legacy sheet
sonya.barnes@mail.test,sonyabarnes,ext_3e17060c,3e17060c,None,,,HR,Imported from legacy sheet
julia.moore@mail.test,juliamoore,ext_442f9494,442f9494,None,,,Security,Imported from legacy sheet
robert.garcia@example.com,robertgarcia,ext_c330b59b,c330b59b,None,,,PMO,Imported from legacy sheet
tracy.russell@example.com,tracyrussell,ext_1334531a,1334531a,None,,,Security,Imported from legacy sheet
stephanie.johnson@mail.test,stephaniejohnson,ext_af18128a,af18128a,None,,,HR,Imported from legacy sheet
mitchell.ramos@mail.test,mitchellramos,ext_2f8cdec6,2f8cdec6,None,,,Security,Imported from legacy sheet
stephanie.foley@example.com,stephaniefoley,ext_15f82978,15f82978,None,,,HR,Imported from legacy sheet
